{
  "health_check": {
    "summary": {
      "total_requests": 4,
      "successful_requests": 4,
      "failed_requests": 0,
      "success_rate": 100.0,
      "avg_duration_ms": 71.33150100708008,
      "min_duration_ms": 41.02611541748047,
      "max_duration_ms": 147.51410484313965,
      "p50_duration_ms": 48.3928918838501,
      "p95_duration_ms": 147.51410484313965,
      "p99_duration_ms": 147.51410484313965
    },
    "endpoint_stats": {
      "/api/v5/auth/health": {
        "total": 1,
        "successful": 1,
        "failed": 0,
        "durations": [
          0.14751410484313965
        ],
        "avg_duration": 0.14751410484313965,
        "success_rate": 100.0
      },
      "/api/v5/auth/csrf": {
        "total": 1,
        "successful": 1,
        "failed": 0,
        "durations": [
          0.04977774620056152
        ],
        "avg_duration": 0.04977774620056152,
        "success_rate": 100.0
      },
      "/healthz": {
        "total": 1,
        "successful": 1,
        "failed": 0,
        "durations": [
          0.04102611541748047
        ],
        "avg_duration": 0.04102611541748047,
        "success_rate": 100.0
      },
      "/readyz": {
        "total": 1,
        "successful": 1,
        "failed": 0,
        "durations": [
          0.04700803756713867
        ],
        "avg_duration": 0.04700803756713867,
        "success_rate": 100.0
      }
    },
    "errors": {},
    "performance_grade": "A+"
  },
  "authentication_flow": {
    "summary": {
      "total_requests": 20,
      "successful_requests": 8,
      "failed_requests": 12,
      "success_rate": 40.0,
      "avg_duration_ms": 55.424463748931885,
      "min_duration_ms": 44.821977615356445,
      "max_duration_ms": 91.65525436401367,
      "p50_duration_ms": 52.11997032165527,
      "p95_duration_ms": 91.65525436401367,
      "p99_duration_ms": 91.65525436401367
    },
    "endpoint_stats": {
      "/api/v5/auth/csrf": {
        "total": 5,
        "successful": 3,
        "failed": 2,
        "durations": [
          0.04855704307556152,
          0.05247807502746582,
          0.04951786994934082,
          0.054235219955444336,
          0.05176186561584473
        ],
        "avg_duration": 0.05131001472473144,
        "success_rate": 60.0
      },
      "/api/v5/auth/health": {
        "total": 5,
        "successful": 5,
        "failed": 0,
        "durations": [
          0.047760963439941406,
          0.049941062927246094,
          0.04881405830383301,
          0.06280183792114258,
          0.04503989219665527
        ],
        "avg_duration": 0.05087156295776367,
        "success_rate": 100.0
      },
      "/api/v5/auth/login": {
        "total": 5,
        "successful": 0,
        "failed": 5,
        "durations": [
          0.09165525436401367,
          0.06468892097473145,
          0.06627488136291504,
          0.06126117706298828,
          0.044821977615356445
        ],
        "avg_duration": 0.06574044227600098,
        "success_rate": 0.0
      },
      "/api/v5/auth/register": {
        "total": 5,
        "successful": 0,
        "failed": 5,
        "durations": [
          0.05991697311401367,
          0.060050249099731445,
          0.05408191680908203,
          0.046022891998291016,
          0.04880714416503906
        ],
        "avg_duration": 0.05377583503723145,
        "success_rate": 0.0
      }
    },
    "errors": {
      "HTTP 401": 3,
      "HTTP 400": 2,
      "HTTP 429": 7
    },
    "performance_grade": "F"
  },
  "concurrent_load": {
    "summary": {
      "total_requests": 45,
      "successful_requests": 12,
      "failed_requests": 33,
      "success_rate": 26.666666666666668,
      "avg_duration_ms": 56.4592096540663,
      "min_duration_ms": 40.318965911865234,
      "max_duration_ms": 166.74304008483887,
      "p50_duration_ms": 49.64470863342285,
      "p95_duration_ms": 95.0310230255127,
      "p99_duration_ms": 166.74304008483887
    },
    "endpoint_stats": {
      "/api/v5/auth/csrf": {
        "total": 15,
        "successful": 0,
        "failed": 15,
        "durations": [
          0.04743480682373047,
          0.046369075775146484,
          0.04964470863342285,
          0.05008506774902344,
          0.06872296333312988,
          0.15228271484375,
          0.052680015563964844,
          0.04858684539794922,
          0.051699161529541016,
          0.043791770935058594,
          0.16674304008483887,
          0.05136990547180176,
          0.04940605163574219,
          0.047026872634887695,
          0.040318965911865234
        ],
        "avg_duration": 0.0644107977549235,
        "success_rate": 0.0
      },
      "/api/v5/auth/health": {
        "total": 15,
        "successful": 12,
        "failed": 3,
        "durations": [
          0.057672739028930664,
          0.04796099662780762,
          0.05529189109802246,
          0.06230306625366211,
          0.04063892364501953,
          0.05716300010681152,
          0.048844099044799805,
          0.04495978355407715,
          0.04509592056274414,
          0.0950310230255127,
          0.05128026008605957,
          0.04740262031555176,
          0.049993038177490234,
          0.04228496551513672,
          0.09026288986206055
        ],
        "avg_duration": 0.05574568112691244,
        "success_rate": 80.0
      },
      "/api/v5/auth/login": {
        "total": 15,
        "successful": 0,
        "failed": 15,
        "durations": [
          0.05959606170654297,
          0.050698041915893555,
          0.04978585243225098,
          0.044342994689941406,
          0.04566502571105957,
          0.04439187049865723,
          0.04438495635986328,
          0.047019004821777344,
          0.04598283767700195,
          0.05191206932067871,
          0.05042576789855957,
          0.04745292663574219,
          0.05017280578613281,
          0.04510188102722168,
          0.061385154724121094
        ],
        "avg_duration": 0.04922115008036296,
        "success_rate": 0.0
      }
    },
    "errors": {
      "HTTP 429": 24,
      "HTTP 503": 9
    },
    "performance_grade": "F"
  }
}